id;name;repository;slack;email;description;image;image_content_type
1;contextually-based Home Loan Account Books;Stand-alone;relationships Refined Frozen Table Infrastructure;Delphia.Bashirian@yahoo.com;alarm Kansas utilize;../fake-data/blob/hipster.png;image/png
2;Checking Account Engineer;exploit system e-services;synthesize;Arvilla_Kovacek@hotmail.com;Keyboard Pre-emptive Mountain;../fake-data/blob/hipster.png;image/png
3;invoice gold;Denar vortals Tools;action-items;Eloy79@gmail.com;Beauty index Enhanced;../fake-data/blob/hipster.png;image/png
4;Prairie;Licensed Fresh Pants Fresh Corners;Buckinghamshire Azerbaijanian Manat;Ubaldo.Collier55@yahoo.com;South Carolina Tennessee iterate;../fake-data/blob/hipster.png;image/png
5;Multi-lateral;Specialist magenta Optional;firewall systemic technologies;Maurine.Marquardt92@hotmail.com;Jewelery Gloves Intelligent Cotton Cheese;../fake-data/blob/hipster.png;image/png
6;indigo Concrete;program;ivory index port;America9@gmail.com;invoice Buckinghamshire Mouse;../fake-data/blob/hipster.png;image/png
7;Administrator Optimization bandwidth;Technician;next-generation;Alvera_Bayer@hotmail.com;Zloty;../fake-data/blob/hipster.png;image/png
8;Directives world-class;invoice Borders Bedfordshire;Analyst Corporate Plastic;Colton_Dickinson46@hotmail.com;Metal calculating Liaison;../fake-data/blob/hipster.png;image/png
9;Ball Ecuador Wooden;Program Awesome;archive;Jaquan56@yahoo.com;Passage teal Practical;../fake-data/blob/hipster.png;image/png
10;Prairie;European Unit of Account 9(E.U.A.-9) schemas local;Springs Metal program;Clarabelle.Lueilwitz27@yahoo.com;Officer exuding PCI;../fake-data/blob/hipster.png;image/png
